x [unit],y [unit]
3.465346535,544.8113208
23.76237624,721.6981132
47.52475248,820.754717
143.5643564,813.6792453
239.6039604,1195.754717