x [unit],y [unit]
3.96039604,2306.603774
23.76237624,2476.415094
48.01980198,2476.415094
144.0594059,2483.490566
240.0990099,2490.566038